,Seed query,Main query,Entry,Entry Name,Protein names,Gene Names,Organism,Length,Sequence,Gene Ontology (biological process),Gene Ontology (cellular component),Gene Ontology (GO),Gene Ontology (molecular function),Topological domain,Transmembrane,Subcellular location [CC],Intramembrane
0,"(protein_name:""High mobility group protein B1"")","(gene:""HMGB1L1"")OR(gene:""HMG1"")OR(gene:""HMGB1P1"")OR(gene:""HMGB1"")OR(gene:""HMG1L1"")OR(protein_name:""HMG-1"")OR(protein_name:""HMG-1L1"")OR(protein_name:""High mobility group protein B1"")OR(protein_name:""Putative high mobility group protein B1-like 1"")OR(protein_name:""High mobility group protein 1"")OR(protein_name:""High mobility group protein B1 pseudogene 1"")OR(protein_name:""cDNA FLJ32558 fis, clone SPLEN1000143, highly similar to High mobility group protein B1"")OR(protein_name:""Putative high mobility group protein 1-like 1"")",P09429,HMGB1_HUMAN,High mobility group protein B1 (High mobility group protein 1) (HMG-1),HMGB1 HMG1,Homo sapiens (Human),215,MGKGDPKKPRGKMSSYAFFVQTCREEHKKKHPDASVNFSEFSKKCSERWKTMSAKEKGKFEDMAKADKARYEREMKTYIPPKGETKKKFKDPNAPKRPPSAFFLFCSEYRPKIKGEHPGLSIGDVAKKLGEMWNNTAADDKQPYEKKAAKLKEKYEKDIAAYRAKGKPDAAKKGVVKAEKSKKKKEEEEDEEDEEDEEEEEDEEDEDEEEDDDDE,"activation of innate immune response [GO:0002218]; apoptotic cell clearance [GO:0043277]; autophagy [GO:0006914]; cellular response to lipopolysaccharide [GO:0071222]; dendritic cell chemotaxis [GO:0002407]; DNA geometric change [GO:0032392]; DNA recombination [GO:0006310]; DNA topological change [GO:0006265]; double-strand break repair via nonhomologous end joining [GO:0006303]; heterochromatin formation [GO:0031507]; inflammatory response [GO:0006954]; inflammatory response to antigenic stimulus [GO:0002437]; innate immune response [GO:0045087]; myeloid dendritic cell activation [GO:0001773]; negative regulation of apoptotic cell clearance [GO:2000426]; negative regulation of blood vessel endothelial cell migration [GO:0043537]; negative regulation of CD4-positive, alpha-beta T cell differentiation [GO:0043371]; negative regulation of RNA polymerase II transcription preinitiation complex assembly [GO:0017055]; negative regulation of transcription by RNA polymerase II [GO:0000122]; negative regulation of type II interferon production [GO:0032689]; neuron projection development [GO:0031175]; neutrophil clearance [GO:0097350]; positive regulation of activated T cell proliferation [GO:0042104]; positive regulation of apoptotic process [GO:0043065]; positive regulation of autophagy [GO:0010508]; positive regulation of blood vessel endothelial cell migration [GO:0043536]; positive regulation of chemokine (C-X-C motif) ligand 2 production [GO:2000343]; positive regulation of cysteine-type endopeptidase activity [GO:2001056]; positive regulation of cytosolic calcium ion concentration [GO:0007204]; positive regulation of dendritic cell differentiation [GO:2001200]; positive regulation of DNA binding [GO:0043388]; positive regulation of DNA ligation [GO:0051106]; positive regulation of ERK1 and ERK2 cascade [GO:0070374]; positive regulation of interleukin-1 production [GO:0032732]; positive regulation of interleukin-10 production [GO:0032733]; positive regulation of interleukin-12 production [GO:0032735]; positive regulation of interleukin-6 production [GO:0032755]; positive regulation of interleukin-8 production [GO:0032757]; positive regulation of JNK cascade [GO:0046330]; positive regulation of MAPK cascade [GO:0043410]; positive regulation of mismatch repair [GO:0032425]; positive regulation of monocyte chemotaxis [GO:0090026]; positive regulation of toll-like receptor 9 signaling pathway [GO:0034165]; positive regulation of transcription by RNA polymerase II [GO:0045944]; positive regulation of tumor necrosis factor production [GO:0032760]; positive regulation of vascular endothelial cell proliferation [GO:1905564]; positive regulation of viral entry into host cell [GO:0046598]; regulation of restriction endodeoxyribonuclease activity [GO:0032072]; regulation of T cell mediated immune response to tumor cell [GO:0002840]; regulation of tolerance induction [GO:0002643]; regulation of transcription by RNA polymerase II [GO:0006357]; T-helper 1 cell activation [GO:0035711]; T-helper 1 cell differentiation [GO:0045063]; V(D)J recombination [GO:0033151]",alphav-beta3 integrin-HMGB1 complex [GO:0035868]; cell surface [GO:0009986]; condensed chromosome [GO:0000793]; endoplasmic reticulum [GO:0005783]; endoplasmic reticulum-Golgi intermediate compartment [GO:0005793]; endosome [GO:0005768]; extracellular region [GO:0005576]; extracellular space [GO:0005615]; ficolin-1-rich granule lumen [GO:1904813]; nucleoplasm [GO:0005654]; nucleus [GO:0005634]; secretory granule lumen [GO:0034774]; transcription repressor complex [GO:0017053],"alphav-beta3 integrin-HMGB1 complex [GO:0035868]; cell surface [GO:0009986]; condensed chromosome [GO:0000793]; endoplasmic reticulum [GO:0005783]; endoplasmic reticulum-Golgi intermediate compartment [GO:0005793]; endosome [GO:0005768]; extracellular region [GO:0005576]; extracellular space [GO:0005615]; ficolin-1-rich granule lumen [GO:1904813]; nucleoplasm [GO:0005654]; nucleus [GO:0005634]; secretory granule lumen [GO:0034774]; transcription repressor complex [GO:0017053]; bubble DNA binding [GO:0000405]; C-X-C chemokine binding [GO:0019958]; chemoattractant activity [GO:0042056]; cytokine activity [GO:0005125]; damaged DNA binding [GO:0003684]; DNA binding, bending [GO:0008301]; DNA polymerase binding [GO:0070182]; DNA-binding transcription factor binding [GO:0140297]; double-stranded DNA binding [GO:0003690]; four-way junction DNA binding [GO:0000400]; integrin binding [GO:0005178]; lipopolysaccharide binding [GO:0001530]; lyase activity [GO:0016829]; phosphatidylserine binding [GO:0001786]; RAGE receptor binding [GO:0050786]; receptor ligand activity [GO:0048018]; RNA binding [GO:0003723]; RNA polymerase II-specific DNA-binding transcription factor binding [GO:0061629]; single-stranded DNA binding [GO:0003697]; supercoiled DNA binding [GO:0097100]; transcription cis-regulatory region binding [GO:0000976]; transcription coactivator activity [GO:0003713]; transcription corepressor activity [GO:0003714]; activation of innate immune response [GO:0002218]; apoptotic cell clearance [GO:0043277]; autophagy [GO:0006914]; cellular response to lipopolysaccharide [GO:0071222]; dendritic cell chemotaxis [GO:0002407]; DNA geometric change [GO:0032392]; DNA recombination [GO:0006310]; DNA topological change [GO:0006265]; double-strand break repair via nonhomologous end joining [GO:0006303]; heterochromatin formation [GO:0031507]; inflammatory response [GO:0006954]; inflammatory response to antigenic stimulus [GO:0002437]; innate immune response [GO:0045087]; myeloid dendritic cell activation [GO:0001773]; negative regulation of apoptotic cell clearance [GO:2000426]; negative regulation of blood vessel endothelial cell migration [GO:0043537]; negative regulation of CD4-positive, alpha-beta T cell differentiation [GO:0043371]; negative regulation of RNA polymerase II transcription preinitiation complex assembly [GO:0017055]; negative regulation of transcription by RNA polymerase II [GO:0000122]; negative regulation of type II interferon production [GO:0032689]; neuron projection development [GO:0031175]; neutrophil clearance [GO:0097350]; positive regulation of activated T cell proliferation [GO:0042104]; positive regulation of apoptotic process [GO:0043065]; positive regulation of autophagy [GO:0010508]; positive regulation of blood vessel endothelial cell migration [GO:0043536]; positive regulation of chemokine (C-X-C motif) ligand 2 production [GO:2000343]; positive regulation of cysteine-type endopeptidase activity [GO:2001056]; positive regulation of cytosolic calcium ion concentration [GO:0007204]; positive regulation of dendritic cell differentiation [GO:2001200]; positive regulation of DNA binding [GO:0043388]; positive regulation of DNA ligation [GO:0051106]; positive regulation of ERK1 and ERK2 cascade [GO:0070374]; positive regulation of interleukin-1 production [GO:0032732]; positive regulation of interleukin-10 production [GO:0032733]; positive regulation of interleukin-12 production [GO:0032735]; positive regulation of interleukin-6 production [GO:0032755]; positive regulation of interleukin-8 production [GO:0032757]; positive regulation of JNK cascade [GO:0046330]; positive regulation of MAPK cascade [GO:0043410]; positive regulation of mismatch repair [GO:0032425]; positive regulation of monocyte chemotaxis [GO:0090026]; positive regulation of toll-like receptor 9 signaling pathway [GO:0034165]; positive regulation of transcription by RNA polymerase II [GO:0045944]; positive regulation of tumor necrosis factor production [GO:0032760]; positive regulation of vascular endothelial cell proliferation [GO:1905564]; positive regulation of viral entry into host cell [GO:0046598]; regulation of restriction endodeoxyribonuclease activity [GO:0032072]; regulation of T cell mediated immune response to tumor cell [GO:0002840]; regulation of tolerance induction [GO:0002643]; regulation of transcription by RNA polymerase II [GO:0006357]; T-helper 1 cell activation [GO:0035711]; T-helper 1 cell differentiation [GO:0045063]; V(D)J recombination [GO:0033151]","bubble DNA binding [GO:0000405]; C-X-C chemokine binding [GO:0019958]; chemoattractant activity [GO:0042056]; cytokine activity [GO:0005125]; damaged DNA binding [GO:0003684]; DNA binding, bending [GO:0008301]; DNA polymerase binding [GO:0070182]; DNA-binding transcription factor binding [GO:0140297]; double-stranded DNA binding [GO:0003690]; four-way junction DNA binding [GO:0000400]; integrin binding [GO:0005178]; lipopolysaccharide binding [GO:0001530]; lyase activity [GO:0016829]; phosphatidylserine binding [GO:0001786]; RAGE receptor binding [GO:0050786]; receptor ligand activity [GO:0048018]; RNA binding [GO:0003723]; RNA polymerase II-specific DNA-binding transcription factor binding [GO:0061629]; single-stranded DNA binding [GO:0003697]; supercoiled DNA binding [GO:0097100]; transcription cis-regulatory region binding [GO:0000976]; transcription coactivator activity [GO:0003713]; transcription corepressor activity [GO:0003714]",,,"SUBCELLULAR LOCATION: Nucleus {ECO:0000269|PubMed:12231511, ECO:0000269|PubMed:17114460, ECO:0000269|PubMed:20819940, ECO:0000269|PubMed:22696656, ECO:0000269|PubMed:22869893, ECO:0000269|PubMed:27362237, ECO:0000269|PubMed:29618516, ECO:0000269|PubMed:33147444}. Chromosome {ECO:0000250|UniProtKB:P10103, ECO:0000250|UniProtKB:P63159, ECO:0000305}. Cytoplasm {ECO:0000269|PubMed:11154118, ECO:0000269|PubMed:12231511, ECO:0000269|PubMed:17114460, ECO:0000269|PubMed:20819940, ECO:0000269|PubMed:22869893, ECO:0000269|PubMed:29618516, ECO:0000269|PubMed:33147444, ECO:0000269|PubMed:34971702}. Secreted {ECO:0000250|UniProtKB:P63158, ECO:0000269|PubMed:12231511, ECO:0000269|PubMed:14532127, ECO:0000269|PubMed:15944249, ECO:0000269|PubMed:19811284, ECO:0000269|PubMed:22869893, ECO:0000269|PubMed:33147444}. Cell membrane {ECO:0000250|UniProtKB:P63158, ECO:0000250|UniProtKB:P63159, ECO:0000269|PubMed:11154118}; Peripheral membrane protein {ECO:0000250|UniProtKB:P63158, ECO:0000250|UniProtKB:P63159, ECO:0000269|PubMed:11154118}; Extracellular side {ECO:0000250|UniProtKB:P63158, ECO:0000250|UniProtKB:P63159, ECO:0000269|PubMed:11154118}. Endosome {ECO:0000250|UniProtKB:P63158}. Endoplasmic reticulum-Golgi intermediate compartment {ECO:0000250|UniProtKB:P63158}. Note=In basal state predominantly nuclear. Shuttles between the cytoplasm and the nucleus (PubMed:12231511, PubMed:17114460). Translocates from the nucleus to the cytoplasm upon autophagy stimulation (PubMed:20819940). Release from macrophages in the extracellular milieu requires the activation of NLRC4 or NLRP3 inflammasomes (By similarity). Passively released to the extracellular milieu from necrotic cells by diffusion, involving the fully reduced HGMB1 which subsequently gets oxidized (PubMed:19811284). Also released from apoptotic cells (PubMed:16855214, PubMed:18631454). Active secretion from a variety of immune and non-immune cells such as macrophages, monocytes, neutrophils, dendritic cells and natural killer cells in response to various stimuli such as LPS and cytokines involves a nonconventional secretory process via secretory lysosomes (PubMed:12231511, PubMed:14532127, PubMed:15944249). Secreted by plasma cells in response to LPS (By similarity). Found on the surface of activated platelets (PubMed:11154118). An increased chromatin association is observed when associated with the adenovirus protein pVII (PubMed:27362237). {ECO:0000250|UniProtKB:P63158, ECO:0000269|PubMed:11154118, ECO:0000269|PubMed:12231511, ECO:0000269|PubMed:14532127, ECO:0000269|PubMed:15944249, ECO:0000269|PubMed:16855214, ECO:0000269|PubMed:17114460, ECO:0000269|PubMed:18631454, ECO:0000269|PubMed:19811284, ECO:0000269|PubMed:20819940, ECO:0000269|PubMed:27362237, ECO:0000305|PubMed:20123072}.; SUBCELLULAR LOCATION: Endoplasmic reticulum {ECO:0000269|PubMed:35239449}. Note=(Microbial infection) SARS-COV-2 ORF3A promotes HMGB1 translocation from the nucleus to the cytoplasm where it is recruited by and colocalizes with ORF3A at the endoplasmic reticulum. {ECO:0000269|PubMed:35239449}.",
2,,,A0A286R9D9,A0A286R9D9_HUMAN,High mobility group box 1,HMGB1,Homo sapiens (Human),185,TCREEHKKKHPDASVNFSEFSKKCSERWKTMSAKEKGKFEDMAKADKARYEREMKTYIPPKGETKKKFKDPNAPKRPPSAFFLFCSEYRPKIKGKHPGLSIGDVAKKLGEMWNNTAADDKQPYEKKAAKLKEKYKKDIAAYRAKGKPDAAKKGVVKAEKSKKKKEEEEDEEDEEDEEEEEDEEDE,autophagy [GO:0006914]; chemotaxis [GO:0006935]; DNA recombination [GO:0006310]; DNA repair [GO:0006281]; inflammatory response [GO:0006954]; innate immune response [GO:0045087],chromosome [GO:0005694]; endoplasmic reticulum-Golgi intermediate compartment [GO:0005793]; endosome [GO:0005768]; nucleus [GO:0005634]; plasma membrane [GO:0005886],chromosome [GO:0005694]; endoplasmic reticulum-Golgi intermediate compartment [GO:0005793]; endosome [GO:0005768]; nucleus [GO:0005634]; plasma membrane [GO:0005886]; DNA binding [GO:0003677]; autophagy [GO:0006914]; chemotaxis [GO:0006935]; DNA recombination [GO:0006310]; DNA repair [GO:0006281]; inflammatory response [GO:0006954]; innate immune response [GO:0045087],DNA binding [GO:0003677],,,SUBCELLULAR LOCATION: Chromosome {ECO:0000256|ARBA:ARBA00004286}. Nucleus {ECO:0000256|ARBA:ARBA00004123}.,
3,,,B2RPK0,HGB1A_HUMAN,Putative high mobility group protein B1-like 1 (High mobility group protein B1 pseudogene 1) (Putative high mobility group protein 1-like 1) (HMG-1L1),HMGB1P1 HMG1L1 HMGB1L1,Homo sapiens (Human),211,MGKGDPKKPRGKMSSYAFFVQTCREEHKKKHSDASVNFSEFSNKCSERWKTMSAKEKGKFEDMAKADKTHYERQMKTYIPPKGETKKKFKDPNAPKRPPSAFFLFCSEYHPKIKGEHPGLSIGDVAKKLGEMWNNTAADDKQPGEKKAAKLKEKYEKDIAAYQAKGKPEAAKKGVVKAEKSKKKKEEEEDEEDEEDEEEEDEEDEEDDDDE,regulation of transcription by RNA polymerase II [GO:0006357],chromosome [GO:0005694]; nucleus [GO:0005634],"chromosome [GO:0005694]; nucleus [GO:0005634]; DNA binding, bending [GO:0008301]; regulation of transcription by RNA polymerase II [GO:0006357]","DNA binding, bending [GO:0008301]",,,SUBCELLULAR LOCATION: Nucleus {ECO:0000255|PROSITE-ProRule:PRU00267}. Chromosome {ECO:0000250}.,
4,,,B7Z965,B7Z965_HUMAN,High mobility group protein B1 (High mobility group protein 1),,Homo sapiens (Human),174,MGKGDPKKPRGKMSSYAFFVQTCREEHKKKHPDASVNFSEFSKKCSERWKTMSAKEKGKFEDMAKADKARYEREMKTYIPPKGETKKKFKDPNAPKRPPSAFFLFCSEYRPKIKGEHPGLSIGDVAKKLGEMWNNTAADDKQPYEKKAAKLKEKYEKVRSVGLLGKMMTSTPDV,autophagy [GO:0006914]; chemotaxis [GO:0006935]; DNA recombination [GO:0006310]; DNA repair [GO:0006281]; inflammatory response [GO:0006954]; innate immune response [GO:0045087],chromosome [GO:0005694]; endoplasmic reticulum-Golgi intermediate compartment [GO:0005793]; endosome [GO:0005768]; nucleus [GO:0005634]; plasma membrane [GO:0005886],chromosome [GO:0005694]; endoplasmic reticulum-Golgi intermediate compartment [GO:0005793]; endosome [GO:0005768]; nucleus [GO:0005634]; plasma membrane [GO:0005886]; DNA binding [GO:0003677]; autophagy [GO:0006914]; chemotaxis [GO:0006935]; DNA recombination [GO:0006310]; DNA repair [GO:0006281]; inflammatory response [GO:0006954]; innate immune response [GO:0045087],DNA binding [GO:0003677],,,SUBCELLULAR LOCATION: Cell membrane {ECO:0000256|ARBA:ARBA00004296}; Peripheral membrane protein {ECO:0000256|ARBA:ARBA00004296}; Extracellular side {ECO:0000256|ARBA:ARBA00004296}. Chromosome {ECO:0000256|ARBA:ARBA00004286}. Cytoplasm {ECO:0000256|ARBA:ARBA00004496}. Endoplasmic reticulum-Golgi intermediate compartment {ECO:0000256|ARBA:ARBA00004399}. Endosome {ECO:0000256|ARBA:ARBA00004177}. Nucleus {ECO:0000256|ARBA:ARBA00004123}. Secreted {ECO:0000256|ARBA:ARBA00004613}.,
5,,,Q59GW1,Q59GW1_HUMAN,High mobility group protein B1 (High mobility group protein 1),,Homo sapiens (Human),176,LNMGKGDPKKPRGKMSSYAFFVQTCREEHKKKHPDASVNFSEFSKKCSERWKTMSAKEKGKFEDMAKADKARYEREMKTYIPPKGETKKKFKDPNAPKRPPSAFFLFCSEYRPKIKGEHPGLSIGDVAKKLGEMWNNTAADDKQPYEKKAAKLKEKYEKVRSVGLLGKMMTSTPDV,autophagy [GO:0006914]; chemotaxis [GO:0006935]; DNA recombination [GO:0006310]; DNA repair [GO:0006281]; inflammatory response [GO:0006954]; innate immune response [GO:0045087],chromosome [GO:0005694]; endoplasmic reticulum-Golgi intermediate compartment [GO:0005793]; endosome [GO:0005768]; nucleus [GO:0005634]; plasma membrane [GO:0005886],chromosome [GO:0005694]; endoplasmic reticulum-Golgi intermediate compartment [GO:0005793]; endosome [GO:0005768]; nucleus [GO:0005634]; plasma membrane [GO:0005886]; DNA binding [GO:0003677]; autophagy [GO:0006914]; chemotaxis [GO:0006935]; DNA recombination [GO:0006310]; DNA repair [GO:0006281]; inflammatory response [GO:0006954]; innate immune response [GO:0045087],DNA binding [GO:0003677],,,SUBCELLULAR LOCATION: Cell membrane {ECO:0000256|ARBA:ARBA00004296}; Peripheral membrane protein {ECO:0000256|ARBA:ARBA00004296}; Extracellular side {ECO:0000256|ARBA:ARBA00004296}. Chromosome {ECO:0000256|ARBA:ARBA00004286}. Cytoplasm {ECO:0000256|ARBA:ARBA00004496}. Endoplasmic reticulum-Golgi intermediate compartment {ECO:0000256|ARBA:ARBA00004399}. Endosome {ECO:0000256|ARBA:ARBA00004177}. Nucleus {ECO:0000256|ARBA:ARBA00004123}. Secreted {ECO:0000256|ARBA:ARBA00004613}.,
6,,,Q5T7C4,Q5T7C4_HUMAN,High mobility group protein B1 (High mobility group protein 1),HMGB1,Homo sapiens (Human),158,MGKGDPKKPRGKMSSYAFFVQTCREEHKKKHPDASVNFSEFSKKCSERWKTMSAKEKGKFEDMAKADKARYEREMKTYIPPKGETKKKFKDPNAPKRPPSAFFLFCSEYRPKIKGEHPGLSIGDVAKKLGEMWNNTAADDKQPYEKKAAKLKEKYEKF,autophagy [GO:0006914]; chemotaxis [GO:0006935]; DNA recombination [GO:0006310]; DNA repair [GO:0006281]; inflammatory response [GO:0006954]; innate immune response [GO:0045087],chromosome [GO:0005694]; endoplasmic reticulum-Golgi intermediate compartment [GO:0005793]; endosome [GO:0005768]; nucleus [GO:0005634]; plasma membrane [GO:0005886],chromosome [GO:0005694]; endoplasmic reticulum-Golgi intermediate compartment [GO:0005793]; endosome [GO:0005768]; nucleus [GO:0005634]; plasma membrane [GO:0005886]; DNA binding [GO:0003677]; autophagy [GO:0006914]; chemotaxis [GO:0006935]; DNA recombination [GO:0006310]; DNA repair [GO:0006281]; inflammatory response [GO:0006954]; innate immune response [GO:0045087],DNA binding [GO:0003677],,,SUBCELLULAR LOCATION: Cell membrane {ECO:0000256|ARBA:ARBA00004296}; Peripheral membrane protein {ECO:0000256|ARBA:ARBA00004296}; Extracellular side {ECO:0000256|ARBA:ARBA00004296}. Chromosome {ECO:0000256|ARBA:ARBA00004286}. Cytoplasm {ECO:0000256|ARBA:ARBA00004496}. Endoplasmic reticulum-Golgi intermediate compartment {ECO:0000256|ARBA:ARBA00004399}. Endosome {ECO:0000256|ARBA:ARBA00004177}. Nucleus {ECO:0000256|ARBA:ARBA00004123}. Secreted {ECO:0000256|ARBA:ARBA00004613}.,
7,,,A0A286R9F1,A0A286R9F1_HUMAN,High mobility group box 1,HMGB1,Homo sapiens (Human),59,RWKTMSAKEKGKFEDMAKADKARYEREMKTYIPPKGETKKKFKDPNAPKRPPSAFFLFC,autophagy [GO:0006914]; chemotaxis [GO:0006935]; DNA recombination [GO:0006310]; DNA repair [GO:0006281]; immune system process [GO:0002376]; inflammatory response [GO:0006954],endoplasmic reticulum-Golgi intermediate compartment [GO:0005793]; endosome [GO:0005768]; nucleus [GO:0005634]; plasma membrane [GO:0005886],endoplasmic reticulum-Golgi intermediate compartment [GO:0005793]; endosome [GO:0005768]; nucleus [GO:0005634]; plasma membrane [GO:0005886]; DNA binding [GO:0003677]; autophagy [GO:0006914]; chemotaxis [GO:0006935]; DNA recombination [GO:0006310]; DNA repair [GO:0006281]; immune system process [GO:0002376]; inflammatory response [GO:0006954],DNA binding [GO:0003677],,,SUBCELLULAR LOCATION: Chromosome {ECO:0000256|ARBA:ARBA00004286}.,
8,,,B3KQ05,B3KQ05_HUMAN,"cDNA FLJ32558 fis, clone SPLEN1000143, highly similar to High mobility group protein B1",,Homo sapiens (Human),176,MHFLCKLVGRSIRRSTQMLQSTSQSFLRSARYEREMKTYIPPKGETKKKFKDPNAPKRPPSAFFLFCSEYRPKIKGEHPGLSIGDVAKKLGEMWNNTAADDKQPYEKKAAKLKEKYEKDIAAYRAKGKPDAAKKGVVKAEKSKKKKEEEEDEEDEEDEEEEEDEEDEDEEEDDDDE,autophagy [GO:0006914]; chemotaxis [GO:0006935]; DNA recombination [GO:0006310]; DNA repair [GO:0006281]; immune system process [GO:0002376]; inflammatory response [GO:0006954],endoplasmic reticulum-Golgi intermediate compartment [GO:0005793]; endosome [GO:0005768]; nucleus [GO:0005634]; plasma membrane [GO:0005886],endoplasmic reticulum-Golgi intermediate compartment [GO:0005793]; endosome [GO:0005768]; nucleus [GO:0005634]; plasma membrane [GO:0005886]; DNA binding [GO:0003677]; autophagy [GO:0006914]; chemotaxis [GO:0006935]; DNA recombination [GO:0006310]; DNA repair [GO:0006281]; immune system process [GO:0002376]; inflammatory response [GO:0006954],DNA binding [GO:0003677],,,,
9,,,Q9NYD7,Q9NYD7_HUMAN,High mobility group 1 protein (High mobility group protein HMG1),HMG1,Homo sapiens (Human),50,MGKGDPKKPRGKMSSYAFFVQTCREEHKKKHPDASVNFSEFSKKCSERWK,autophagy [GO:0006914]; chemotaxis [GO:0006935]; DNA recombination [GO:0006310]; DNA repair [GO:0006281]; immune system process [GO:0002376]; inflammatory response [GO:0006954],endoplasmic reticulum-Golgi intermediate compartment [GO:0005793]; endosome [GO:0005768]; nucleus [GO:0005634]; plasma membrane [GO:0005886],endoplasmic reticulum-Golgi intermediate compartment [GO:0005793]; endosome [GO:0005768]; nucleus [GO:0005634]; plasma membrane [GO:0005886]; DNA binding [GO:0003677]; autophagy [GO:0006914]; chemotaxis [GO:0006935]; DNA recombination [GO:0006310]; DNA repair [GO:0006281]; immune system process [GO:0002376]; inflammatory response [GO:0006954],DNA binding [GO:0003677],,,SUBCELLULAR LOCATION: Chromosome {ECO:0000256|ARBA:ARBA00004286}.,
10,,,B2RDE8,B2RDE8_HUMAN,"cDNA, FLJ96580, highly similar to Homo sapiens hepatoma-derived growth factor (high-mobility group protein 1-like) (HDGF), mRNA",,Homo sapiens (Human),240,MSRSNRQKEYKCGDLVFAKMKGYPHWPARIDEMPEAAVKSTANKYQVFFFGTHETAFLGPKDLFPYEESKEKFGKPNERKGFSEGLWEIENNPTVKASGYQSSQKKSCVEEPEPEPEAAEGDGDKKGNAEGSSDEEGKLVIDEPAKEKNEKGALKRRAGDLLEDSPKRPKEAENPEGEEKEAATLEVERPLPMEVEKNSTLSEPGSGRGPPQEEEEEEDEEEEATKEDAEAPGIRDHESL,,,,,,,,
0,"(protein_name:""Heterogeneous nuclear ribonucleoprotein Q"")","(gene:""hCG_401112"")OR(gene:""SYNCRIP"")OR(gene:""NSAP1"")OR(gene:""HNRPQ"")OR(protein_name:""hnRNP Q"")OR(protein_name:""GRY-RBP"")OR(protein_name:""Glycine- and tyrosine-rich RNA-binding protein"")OR(protein_name:""Synaptotagmin binding cytoplasmic RNA interacting protein"")OR(protein_name:""Synaptotagmin-binding, cytoplasmic RNA-interacting protein"")OR(protein_name:""Synaptotagmin binding, cytoplasmic RNA interacting protein, isoform CRA_b"")OR(protein_name:""Heterogeneous nuclear ribonucleoprotein Q"")OR(protein_name:""cDNA FLJ50130, highly similar to Heterogeneous nuclear ribonucleoprotein Q"")OR(protein_name:""NS1-associated protein 1"")",O60506,HNRPQ_HUMAN,"Heterogeneous nuclear ribonucleoprotein Q (hnRNP Q) (Glycine- and tyrosine-rich RNA-binding protein) (GRY-RBP) (NS1-associated protein 1) (Synaptotagmin-binding, cytoplasmic RNA-interacting protein)",SYNCRIP HNRPQ NSAP1,Homo sapiens (Human),623,MATEHVNGNGTEEPMDTTSAVIHSENFQTLLDAGLPQKVAEKLDEIYVAGLVAHSDLDERAIEALKEFNEDGALAVLQQFKDSDLSHVQNKSAFLCGVMKTYRQREKQGTKVADSSKGPDEAKIKALLERTGYTLDVTTGQRKYGGPPPDSVYSGQQPSVGTEIFVGKIPRDLFEDELVPLFEKAGPIWDLRLMMDPLTGLNRGYAFVTFCTKEAAQEAVKLYNNHEIRSGKHIGVCISVANNRLFVGSIPKSKTKEQILEEFSKVTEGLTDVILYHQPDDKKKNRGFCFLEYEDHKTAAQARRRLMSGKVKVWGNVGTVEWADPIEDPDPEVMAKVKVLFVRNLANTVTEEILEKAFSQFGKLERVKKLKDYAFIHFDERDGAVKAMEEMNGKDLEGENIEIVFAKPPDQKRKERKAQRQAAKNQMYDDYYYYGPPHMPPPTRGRGRGGRGGYGYPPDYYGYEDYYDYYGYDYHNYRGGYEDPYYGYEDFQVGARGRGGRGARGAAPSRGRGAAPPRGRAGYSQRGGPGSARGVRGARGGAQQQRGRGVRGARGGRGGNVGGKRKADGYNQPDSKRRQTNNQNWGSQPIAQQPLQGGDHSGNYGYKSENQEFYQDTFGQQWK,"cellular response to type II interferon [GO:0071346]; chromosomal 5-methylcytosine DNA demethylation pathway [GO:0141166]; CRD-mediated mRNA stabilization [GO:0070934]; mRNA modification [GO:0016556]; mRNA splicing, via spliceosome [GO:0000398]; negative regulation of nuclear-transcribed mRNA catabolic process, deadenylation-dependent decay [GO:1900152]; negative regulation of nuclear-transcribed mRNA catabolic process, nonsense-mediated decay [GO:2000623]; negative regulation of translation [GO:0017148]; osteoblast differentiation [GO:0001649]; positive regulation of cytoplasmic translation [GO:2000767]; RNA processing [GO:0006396]; RNA splicing [GO:0008380]",catalytic step 2 spliceosome [GO:0071013]; CRD-mediated mRNA stability complex [GO:0070937]; cytosol [GO:0005829]; endoplasmic reticulum [GO:0005783]; GAIT complex [GO:0097452]; histone pre-mRNA 3'end processing complex [GO:0071204]; mCRD-mediated mRNA stability complex [GO:0106002]; membrane [GO:0016020]; mRNA editing complex [GO:0045293]; nucleoplasm [GO:0005654]; nucleus [GO:0005634]; ribonucleoprotein complex [GO:1990904],"catalytic step 2 spliceosome [GO:0071013]; CRD-mediated mRNA stability complex [GO:0070937]; cytosol [GO:0005829]; endoplasmic reticulum [GO:0005783]; GAIT complex [GO:0097452]; histone pre-mRNA 3'end processing complex [GO:0071204]; mCRD-mediated mRNA stability complex [GO:0106002]; membrane [GO:0016020]; mRNA editing complex [GO:0045293]; nucleoplasm [GO:0005654]; nucleus [GO:0005634]; ribonucleoprotein complex [GO:1990904]; mRNA 5'-UTR binding [GO:0048027]; RNA binding [GO:0003723]; cellular response to type II interferon [GO:0071346]; chromosomal 5-methylcytosine DNA demethylation pathway [GO:0141166]; CRD-mediated mRNA stabilization [GO:0070934]; mRNA modification [GO:0016556]; mRNA splicing, via spliceosome [GO:0000398]; negative regulation of nuclear-transcribed mRNA catabolic process, deadenylation-dependent decay [GO:1900152]; negative regulation of nuclear-transcribed mRNA catabolic process, nonsense-mediated decay [GO:2000623]; negative regulation of translation [GO:0017148]; osteoblast differentiation [GO:0001649]; positive regulation of cytoplasmic translation [GO:2000767]; RNA processing [GO:0006396]; RNA splicing [GO:0008380]",mRNA 5'-UTR binding [GO:0048027]; RNA binding [GO:0003723],,,"SUBCELLULAR LOCATION: Cytoplasm {ECO:0000269|PubMed:11574476, ECO:0000269|PubMed:17289661, ECO:0000269|PubMed:19029303, ECO:0000269|PubMed:35538151}. Microsome {ECO:0000250|UniProtKB:Q7TMK9}. Endoplasmic reticulum {ECO:0000250}. Nucleus {ECO:0000250|UniProtKB:Q7TMK9}. Note=The tyrosine phosphorylated form bound to RNA is found in microsomes (By similarity). Localized in cytoplasmic mRNP granules containing untranslated mRNAs (By similarity). {ECO:0000250|UniProtKB:O43390, ECO:0000250|UniProtKB:Q7TMK9}.; SUBCELLULAR LOCATION: [Isoform 1]: Nucleus, nucleoplasm {ECO:0000250|UniProtKB:Q7TMK9}. Note=Expressed predominantly in the nucleoplasm. {ECO:0000250|UniProtKB:Q7TMK9}.; SUBCELLULAR LOCATION: [Isoform 2]: Nucleus, nucleoplasm {ECO:0000250|UniProtKB:Q7TMK9}. Note=Expressed predominantly in the nucleoplasm. {ECO:0000250|UniProtKB:Q7TMK9}.; SUBCELLULAR LOCATION: [Isoform 3]: Nucleus, nucleoplasm {ECO:0000250|UniProtKB:Q7TMK9}. Note=Expressed predominantly in the nucleoplasm. {ECO:0000250|UniProtKB:Q7TMK9}.",
1,,,A0A7I2V2F0,A0A7I2V2F0_HUMAN,Synaptotagmin binding cytoplasmic RNA interacting protein,SYNCRIP,Homo sapiens (Human),67,MKTYRQREKQGTKVADSSKGPDEAKIKALLERTGYTLDVTTGQRKYGGPPPDSVYSDICGKDPKRSI,,,,,,,,
2,,,A0A7I2V2F2,A0A7I2V2F2_HUMAN,Synaptotagmin binding cytoplasmic RNA interacting protein,SYNCRIP,Homo sapiens (Human),490,MKTYRQREKQGTKVADSSKGPDEAKIKALLERTGYTLDVTTGQRKYGGPPPDSVYSGQQPSVGTEIFVGKIPRDLFEDELVPLFEKAGPIWDLRLMMDPLTGLNRGYAFVTFCTKEAAQEAVKLYNNHEIRSGKHIGVCISVANNRLFVGSIPKSKTKEQILEEFSKVTEGLTDVILYHQPDDKKKNRGFCFLEYEDHKTAAQVKVLFVRNLANTVTEEILEKAFSQFGKLERVKKLKDYAFIHFDERDGAVKAMEEMNGKDLEGENIEIVFAKPPDQKRKERKAQRQAAKNQMYDDYYYYGPPHMPPPTRGRGRGGRGGYGYPPDYYGYEDYYDYYGYDYHNYRGGYEDPYYGYEDFQVGARGRGGRGARGAAPSRGRGAAPPRGRAGYSQRGGPGSARGVRGARGGAQQQRGRGVRGARGGRGGNVGGKRKADGYNQPDSKRRQTNNQNWGSQPIAQQPLQGGDHSGNYGYKSENQEFYQDTFGQQWK,,cytoplasm [GO:0005737],cytoplasm [GO:0005737]; RNA binding [GO:0003723],RNA binding [GO:0003723],,,SUBCELLULAR LOCATION: Cytoplasm {ECO:0000256|ARBA:ARBA00004496}.,
3,,,A0A7I2V309,A0A7I2V309_HUMAN,Synaptotagmin binding cytoplasmic RNA interacting protein,SYNCRIP,Homo sapiens (Human),525,MKTYRQREKQGTKVADSSKGPDEAKIKALLERTGYTLDVTTGQRKYGGPPPDSVYSGQQPSVGTEIFVGKIPRDLFEDELVPLFEKAGPIWDLRLMMDPLTGLNRGYAFVTFCTKEAAQEAVKLYNNHEIRSGKHIGVCISVANNRLFVGSIPKSKTKEQILEEFSKVTEGLTDVILYHQPDDKKKNRGFCFLEYEDHKTAAQARRRLMSGKVKVWGNVGTVEWADPIEDPDPEVMAKVKVLFVRNLANTVTEEILEKAFSQFGKLERVKKLKDYAFIHFDERDGAVKAMEEMNGKDLEGENIEIVFAKPPDQKRKERKAQRQAAKNQMYDDYYYYGPPHMPPPTRGRGRGGRGGYGYPPDYYGYEDYYDYYGYDYHNYRGGYEDPYYGYEDFQVGARGRGGRGARGAAPSRGRGAAPPRGRAGYSQRGGPGSARGVRGARGGAQQQRGRGVRGARGGRGGNVGGKRKADGYNQPDSKRRQTNNQNWGSQPIAQQPLQGGDHSGNYGYKSENQEFYQDTFGQQWK,,cytoplasm [GO:0005737],cytoplasm [GO:0005737]; RNA binding [GO:0003723],RNA binding [GO:0003723],,,SUBCELLULAR LOCATION: Cytoplasm {ECO:0000256|ARBA:ARBA00004496}.,
4,,,A0A7I2V346,A0A7I2V346_HUMAN,Synaptotagmin binding cytoplasmic RNA interacting protein,SYNCRIP,Homo sapiens (Human),524,MATEHVNGNGTEEPMDTTSAVIHSENFQTLLDAGLPQKVAEKLDEIYVAGLVAHSDLDERAIEALKEFNEDGALAVLQQFKDSDLSHVQNKSAFLCGVMKTYRQREKQGTKVADSSKGPDEAKIKIFVGKIPRDLFEDELVPLFEKAGPIWDLRLMMDPLTGLNRGYAFVTFCTKEAAQEAVKLYNNHEIRSGKHIGVCISVANNRLFVGSIPKSKTKEQILEEFSKVTEGLTDVILYHQPDDKKKNRGFCFLEYEDHKTAAQARRRLMSGKVKVWGNVGTVEWADPIEDPDPEVMAKVKVLFVRNLANTVTEEILEKAFSQFGKLERVKKLKDYAFIHFDERDGAVKAMEEMNGKDLEGENIEIVFAKPPDQKRKERKAQRQAAKNQMYDDYYYYGPPHMPPPTRGRGRGGRGGYGYPPDYYGYEDYYDYYGYDYHNYRGGYEDPYYGYEDFQVGARGRGGRGARGAAPSRGRGAAPPRGRAGYSQRGGPGSARGVRGARGGAQQQRGRGQGKGVEAGPDLLQ,,cytoplasm [GO:0005737],cytoplasm [GO:0005737]; RNA binding [GO:0003723],RNA binding [GO:0003723],,,SUBCELLULAR LOCATION: Cytoplasm {ECO:0000256|ARBA:ARBA00004496}.,
5,,,A0A7I2V4J0,A0A7I2V4J0_HUMAN,Synaptotagmin binding cytoplasmic RNA interacting protein,SYNCRIP,Homo sapiens (Human),165,MATEHVNGNGTEEPMDTTSAVIHSENFQTLLDAGLPQKVAEKLDEIYVAGLVAHSDLDERAIEALKEFNEDGALAVLQQFKDSDLSHVQNKSAFLCGVMKTYRQREKQGTKVADSSKGPDEAKIKALLERTGYTLDVTTGQRKYGGPPPDSVYSDICGKDPKRSI,,,,,,,,
6,,,A0A7I2V4Z0,A0A7I2V4Z0_HUMAN,Synaptotagmin binding cytoplasmic RNA interacting protein,SYNCRIP,Homo sapiens (Human),545,MATEHVNGNGTEEPMDTTSAVIHSENFQTLLDAGLPQKVAEKLDEIYVAGLVAHSDLDERAIEALKEFNEDGALAVLQQFKDSDLSHVQNKSAFLCGVMKTYRQREKQGTKVADSSKGPDEAKIKALLERTGYTLDVTTGQRKYGGPPPDSVYSGQQPSVGTEIFVGKIPRDLFEDELVPLFEKAGPIWDLRLMMDPLTGLNRGYAFVTFCTKEAAQEAVKLYNNHEIRSGKHIGVCISVANNRLFVGSIPKSKTKEQILEEFSKVTEGLTDVILYHQPDDKKKNRGFCFLEYEDHKTAAQARRRLMSGKVKVWGNVGTVEWADPIEDPDPEVMAKVKVLFVRNLANTVTEEILEKAFSQFGKLERVKKLKDYAFIHFDERDGAVKAMEEMNGKDLEGENIEIVFAKPPDQKRKERKAQRQAAKNQMYDDYYYYGPPHMPPPTRGRGRGGRGGYGYPPDYYGYEDYYDYYGYDYHNYRGGYEDPYYGYEDFQVGARGRGGRGARGAAPSRGRGAAPPRGRAGYSQRGGPGSARGVRAGKRGRGRS,,cytoplasm [GO:0005737],cytoplasm [GO:0005737]; RNA binding [GO:0003723],RNA binding [GO:0003723],,,SUBCELLULAR LOCATION: Cytoplasm {ECO:0000256|ARBA:ARBA00004496}.,
7,,,A0A7I2V5Q6,A0A7I2V5Q6_HUMAN,Synaptotagmin binding cytoplasmic RNA interacting protein,SYNCRIP,Homo sapiens (Human),337,MATEHVNGNGTEEPMDTTSAVIHSENFQTLLDAGLPQKVAEKLDEIYVAGLVAHSDLDERAIEALKEFNEDGALAVLQQFKDSDLSHVQNKSAFLCGVMKTYRQREKQGTKVADSSKGPDEAKIKALLERTGYTLDVTTGQRKYGGPPPDSVYSGQQPSVGTEIFVGKIPRDLFEDELVPLFEKAGPIWDLRLMMDPLTGLNRGYAFVTFCTKEAAQEAVKLYNNHEIRSGKHIGVCISVANNRLFVGSIPKSKTKEQILEEFSKVTEGLTDVILYHQPDDKKKNRGFCFLEYEDHKTAAQARRRLMSGKVKVWGNVGTVEWADPIEDPDPEVMAKV,,cytoplasm [GO:0005737],cytoplasm [GO:0005737]; RNA binding [GO:0003723],RNA binding [GO:0003723],,,SUBCELLULAR LOCATION: Cytoplasm {ECO:0000256|ARBA:ARBA00004496}.,
8,,,A0A7I2YQN2,A0A7I2YQN2_HUMAN,"Synaptotagmin binding cytoplasmic RNA interacting protein (Synaptotagmin binding, cytoplasmic RNA interacting protein, isoform CRA_c)",SYNCRIP hCG_401112,Homo sapiens (Human),561,MATEHVNGNGTEEPMDTTSAVIHSENFQTLLDAGLPQKVAEKLDEIYVAGLVAHSDLDERAIEALKEFNEDGALAVLQQFKDSDLSHVQNKSAFLCGVMKTYRQREKQGTKVADSSKGPDEAKIKALLERTGYTLDVTTGQRKYGGPPPDSVYSGQQPSVGTEIFVGKIPRDLFEDELVPLFEKAGPIWDLRLMMDPLTGLNRGYAFVTFCTKEAAQEAVKLYNNHEIRSGKHIGVCISVANNRLFVGSIPKSKTKEQILEEFSKVTEGLTDVILYHQPDDKKKNRGFCFLEYEDHKTAAQARRRLMSGKVKVWGNVGTVEWADPIEDPDPEVMAKVKVLFVRNLANTVTEEILEKAFSQFGKLERVKKLKDYAFIHFDERDGAVKAMEEMNGKDLEGENIEIVFAKPPDQKRKERKAQRQAAKNQMYDDYYYYGPPHMPPPTRGRGRGGRGGYGYPPDYYGYEDYYDYYGYDYHNYRGGYEDPYYGYEDFQVGARGRGGRGARGAAPSRGRGAAPPRGRAGYSQRGGPGSARGVRGARGGAQQQRGRGGKGVEAGPDLLQ,,cytoplasm [GO:0005737],cytoplasm [GO:0005737]; RNA binding [GO:0003723],RNA binding [GO:0003723],,,SUBCELLULAR LOCATION: Cytoplasm {ECO:0000256|ARBA:ARBA00004496}.,
9,,,A0A7I2YQV8,A0A7I2YQV8_HUMAN,Synaptotagmin binding cytoplasmic RNA interacting protein,SYNCRIP,Homo sapiens (Human),465,MATEHVNGNGTEEPMDTTSAVIHSENFQTLLDAGLPQKVAEKLDEIYVAGLVAHSDLDERAIEALKEFNEDGALAVLQQFKDSDLSHVQNKSAFLCGVMKTYRQREKQGTKVADSSKGPDEAKIKYNNHEIRSGKHIGVCISVANNRLFVGSIPKSKTKEQILEEFSKVTEGLTDVILYHQPDDKKKNRGFCFLEYEDHKTAAQARRRLMSGKVKVWGNVGTVEWADPIEDPDPEVMAKVKVLFVRNLANTVTEEILEKAFSQFGKLERVKKLKDYAFIHFDERDGAVKAMEEMNGKDLEGENIEIVFAKPPDQKRKERKAQRQAAKNQMYDDYYYYGPPHMPPPTRGRGRGGRGGYGYPPDYYGYEDYYDYYGYDYHNYRGGYEDPYYGYEDFQVGARGRGGRGARGAAPSRGRGAAPPRGRAGYSQRGGPGSARGVRGARGGAQQQRGRGQGKGVEAGPDLLQ,,cytoplasm [GO:0005737],cytoplasm [GO:0005737]; RNA binding [GO:0003723],RNA binding [GO:0003723],,,SUBCELLULAR LOCATION: Cytoplasm {ECO:0000256|ARBA:ARBA00004496}.,
10,,,A0A804HJ14,A0A804HJ14_HUMAN,Heterogeneous nuclear ribonucleoprotein Q,SYNCRIP,Homo sapiens (Human),20,GPPPDSVYSDICGKDPKRSI,,,,,,,,
11,,,A0AA34QW03,A0AA34QW03_HUMAN,Synaptotagmin binding cytoplasmic RNA interacting protein,SYNCRIP,Homo sapiens (Human),678,MELDRVCCQRRELRPPFYNSSTRAGHREQRARVSRNPIPSDRISPPQPNGEISGNMATEHVNGNGTEEPMDTTSAVIHSENFQTLLDAGLPQKVAEKLDEIYVAGLVAHSDLDERAIEALKEFNEDGALAVLQQFKDSDLSHVQNKSAFLCGVMKTYRQREKQGTKVADSSKGPDEAKIKALLERTGYTLDVTTGQRKYGGPPPDSVYSGQQPSVGTEIFVGKIPRDLFEDELVPLFEKAGPIWDLRLMMDPLTGLNRGYAFVTFCTKEAAQEAVKLYNNHEIRSGKHIGVCISVANNRLFVGSIPKSKTKEQILEEFSKVTEGLTDVILYHQPDDKKKNRGFCFLEYEDHKTAAQARRRLMSGKVKVWGNVGTVEWADPIEDPDPEVMAKVKVLFVRNLANTVTEEILEKAFSQFGKLERVKKLKDYAFIHFDERDGAVKAMEEMNGKDLEGENIEIVFAKPPDQKRKERKAQRQAAKNQMYDDYYYYGPPHMPPPTRGRGRGGRGGYGYPPDYYGYEDYYDYYGYDYHNYRGGYEDPYYGYEDFQVGARGRGGRGARGAAPSRGRGAAPPRGRAGYSQRGGPGSARGVRGARGGAQQQRGRGVRGARGGRGGNVGGKRKADGYNQPDSKRRQTNNQNWGSQPIAQQPLQGGDHSGNYGYKSENQEFYQDTFGQQWK,,cytoplasm [GO:0005737],cytoplasm [GO:0005737]; RNA binding [GO:0003723],RNA binding [GO:0003723],,,SUBCELLULAR LOCATION: Cytoplasm {ECO:0000256|ARBA:ARBA00004496}.,
12,,,B2R8Z8,B2R8Z8_HUMAN,"cDNA, FLJ94136, highly similar to Homo sapiens synaptotagmin binding, cytoplasmic RNA interacting protein (SYNCRIP), mRNA",,Homo sapiens (Human),623,MATEHVNGNGTEEPMDTTSAVIHSENFQTLLDAGLPQKVAKKLDEIYVAGLVAHSDLDERAIEALKEFNEDGALAVLQQFKDSDLSHVQNKSAFLCGVMKTYRQREKQGTKVADSSKGPDEAKIKALLERTGYTLDVTTGQRKYGGPPPDSVYSGQQPSVGTEIFVGKIPRDLFEDELVPLFEKAGPIWDLRLMMDPLTGLNRGYAFVTFCTKEAAQEAVKLYNNHEIRSGKHIGVCISVANNRLFVGSIPKSKTKEQILEEFSKVTEGLTDVILYHQPDDKKKNRGFCFLEYEDHKTAAQARRRLMSGKVKVWGNVGTVEWADPIEDPDPEVMAKVKVLFVRNLANTVTEEILEKAFSQFGKLERVKKLKDYAFIHFDERDGAVKAMEEMNGKDLEGENIEIVFAKPPDQKRKERKAQRQAAKNQMYDDYYYYGPPHMPPPTRGRGRGGRGGYGYPPDYYGYEDYYDYYGYDYHNYRGGYEDPYYGYEDFQVGARGRGGRGARGAAPSRGRGAAPPRGRAGYSQRGGPGSARGVRGARGGAQQQRGRGVRGARGGRGGNVGGKRKADGYNQPDSKRRQTNNQNWGSQPIAQQPLQGGDHSGNYGYKSENQEFYQDTFGQQWK,,cytoplasm [GO:0005737],cytoplasm [GO:0005737]; RNA binding [GO:0003723],RNA binding [GO:0003723],,,SUBCELLULAR LOCATION: Cytoplasm {ECO:0000256|ARBA:ARBA00004496}.,
13,,,B7Z213,B7Z213_HUMAN,"cDNA FLJ50130, highly similar to Heterogeneous nuclear ribonucleoprotein Q",,Homo sapiens (Human),256,MSGKVKVWGNVGTVEWANPIEDPDPEVMAKVKVLFVRNLANTVTEEILEKAFSQFGKLERVEKLKDYAFIHFDERDGAVKAMEEMNGKDLEGENIEIVFAKPPDQKRKERKAQRQAAKNQMYDDYYYYGPPHMPPPTRGRGRGGRGGYGYPPDYYGYEDYYDYYGYDYHNYRGGYEDPYYGYEDFQVGARGRGGRGARGAAPSRGRGAAPPRGRAGYSQRGGPGSARGVRGARGGAQQQRGRGQGKGVEAGPDLLQ,,ribonucleoprotein complex [GO:1990904],ribonucleoprotein complex [GO:1990904]; RNA binding [GO:0003723],RNA binding [GO:0003723],,,,
14,,,B7Z645,B7Z645_HUMAN,"Heterogeneous nuclear ribonucleoprotein Q (Synaptotagmin binding cytoplasmic RNA interacting protein) (Synaptotagmin binding, cytoplasmic RNA interacting protein, isoform CRA_b)",SYNCRIP hCG_401112,Homo sapiens (Human),464,MKTYRQREKQGTKVADSSKGPDEAKIKALLERTGYTLDVTTGQRKYGGPPPDSVYSGQQPSVGTEIFVGKIPRDLFEDELVPLFEKAGPIWDLRLMMDPLTGLNRGYAFVTFCTKEAAQEAVKLYNNHEIRSGKHIGVCISVANNRLFVGSIPKSKTKEQILEEFSKVTEGLTDVILYHQPDDKKKNRGFCFLEYEDHKTAAQARRRLMSGKVKVWGNVGTVEWADPIEDPDPEVMAKVKVLFVRNLANTVTEEILEKAFSQFGKLERVKKLKDYAFIHFDERDGAVKAMEEMNGKDLEGENIEIVFAKPPDQKRKERKAQRQAAKNQMYDDYYYYGPPHMPPPTRGRGRGGRGGYGYPPDYYGYEDYYDYYGYDYHNYRGGYEDPYYGYEDFQVGARGRGGRGARGAAPSRGRGAAPPRGRAGYSQRGGPGSARGVRGARGGAQQQRGRGQGKGVEAGPDLLQ,,cytoplasm [GO:0005737]; ribonucleoprotein complex [GO:1990904],cytoplasm [GO:0005737]; ribonucleoprotein complex [GO:1990904]; RNA binding [GO:0003723],RNA binding [GO:0003723],,,SUBCELLULAR LOCATION: Cytoplasm {ECO:0000256|ARBA:ARBA00004496}.,
15,,,F6UXX1,F6UXX1_HUMAN,Heterogeneous nuclear ribonucleoprotein Q,SYNCRIP,Homo sapiens (Human),185,MATEHVNGNGTEEPMDTTSAVIHSENFQTLLDAGLPQKVAEKLDEIYVAGLVAHSDLDERAIEALKEFNEDGALAVLQQFKDSDLSHVQNKSAFLCGVMKTYRQREKQGTKVADSSKGPDEAKIKALLERTGYTLDVTTGQRKYGGPPPDSVYSGQQPSVGTEIFVGKIPRDLFEDELVPLFEKA,,,RNA binding [GO:0003723],RNA binding [GO:0003723],,,,
16,,,H0YAA0,H0YAA0_HUMAN,Heterogeneous nuclear ribonucleoprotein Q,SYNCRIP,Homo sapiens (Human),97,XYYDYYGYDYHNYRGGYEDPYYGYEDFQVGARGRGGRGARGAAPSRGRGAAPPRGRAGYSQRGGPGSARGVRGARGGAQQQRGRGGKGVEAGPDLLQ,,,,,,,,
17,,,Q05CK9,Q05CK9_HUMAN,SYNCRIP protein,SYNCRIP,Homo sapiens (Human),453,SSTRAGHREQRARVSRNPIPSDRISPPQPNGEISGNMATEHVNGNGTEEPMDTTSAVIHSENFQTLLDAGLPQKVAEKLDEIYVAGLVAHSDLDERAIEALKEFNEDGALAVLQQFKDSDLSHVQNKSAFLCGVMKTYRQREKQGTKVADSSKGPDEAKIKALLERTGYTLDVTTGQRKYGGPPPDSVYSGQQPSVGTEIFVGKIPRDLFEDELVPLFEKAGPIWDLRLMMDPLTGLNRGYAFVTFCTKEAAQEAVKLYNNHEIRSGKHIGVCISVANNRLFVGSIPKSKTKEQILEEFSKVTEGLTDVILYHQPDDKKKNRGFCFLEYEDHKTAAQARRRLMSGKVKVWGNVGTVEWADPIEDPDPEVMAKVKVLFVRNLANTVTEEILEKAFSQFGKLERVKKLKDYAFIHFDERDGAVKAMEEMNGKDLEGENIEIVFAKPPDQKKKKKK,,cytoplasm [GO:0005737],cytoplasm [GO:0005737]; RNA binding [GO:0003723],RNA binding [GO:0003723],,,SUBCELLULAR LOCATION: Cytoplasm {ECO:0000256|ARBA:ARBA00004496}.,
18,,,Q59GL1,Q59GL1_HUMAN,"Synaptotagmin binding, cytoplasmic RNA interacting protein variant",,Homo sapiens (Human),534,STRFPQPDTIGQDFSASAQRGGLVAHSDLDERAIEALKEFNEDGALAVLQQFKDSDLSHVQNKSAFLCGVMKTYRQREKQGTKVADSSKGPDEAKIKALLERTGYTLDVTTGQRKYGGPPPDSVYSGQQPSVGTEIFVGKIPRDLFEDELVPLFEKAGPIWDLRLMMDPLTGLNRGYAFVTFCTKEAAQEAVKLYNNHEIRSGKHIGVCISVANNRLFVGSIPKSKTKEQILEEFSKVTEGLTDVILYHQPDDKKKNRGFCFLEYEDHKTAAQARRRLMSGKVKVWGNVGTVEWADPIEDPDPEVMAKVKVLFVRNLANTVTEEILEKAFSQFGKLERVKKLKDYAFIHFDERDGAVKAMEEMNGKDLEGENIEIVFAKPPDQKRKERKAQRQAAKNQMYDDYYYYGPPHMPPPTRGRGRGGRGGYGYPPDYYGYEDYYDYYGYDYHNYRGGYEDPYYGYEDFQVGARGRGGRGARGAAPSRGRGAAPPRGRAGYSQRGGPGSARGVRGARGGAQQQRGRGQGKGVEAGPDLLQ,,cytoplasm [GO:0005737],cytoplasm [GO:0005737]; RNA binding [GO:0003723],RNA binding [GO:0003723],,,SUBCELLULAR LOCATION: Cytoplasm {ECO:0000256|ARBA:ARBA00004496}.,
